9.156121244321990815e-02,2.372267022301338957e-01,1.698553968643559564e+00,-3.756721761706425244e-01,2.508984977856144827e+00,0.000000000000000000e+00,1.000000000000000000e+00
-3.529185708930668297e-02,-7.446918291204178697e-01,3.989993524296816529e-01,1.224111640888881025e+00,1.480922115858294807e+00,0.000000000000000000e+00,1.000000000000000000e+00
6.243576467177035932e-02,2.837011428574761629e-01,1.211494356505377734e+00,1.850640531281863232e+00,1.939485271803496502e+00,0.000000000000000000e+00,1.000000000000000000e+00
1.350394146157287041e-02,-3.048025543419100036e-01,7.862750678062517817e-01,7.082931465346532507e-01,7.346892680442678181e-01,1.000000000000000000e+00,0.000000000000000000e+00
1.012571734737956364e+00,2.213611731534100568e-01,1.616300323135615669e+00,8.462125756448266589e-01,5.521493297897150931e-02,0.000000000000000000e+00,1.000000000000000000e+00
-4.574672394964726108e-01,7.156329937401252339e-01,4.770315074842680358e-01,8.281326868280316500e-01,3.658250303891120714e-01,1.000000000000000000e+00,0.000000000000000000e+00
-3.818726663576075264e-01,2.364006186700812195e-01,1.318487934909019721e+00,1.391906572230273031e+00,1.548870388293157374e+00,0.000000000000000000e+00,1.000000000000000000e+00
-4.904610668455417488e-01,5.314337048266237068e-02,6.559559702718131824e-01,1.358568773623004766e+00,1.004197936992930140e+00,0.000000000000000000e+00,1.000000000000000000e+00
-4.456222590849621690e-01,1.862044654138879374e-01,1.344943287454076764e+00,1.771485139842158052e+00,2.076596857405947905e+00,0.000000000000000000e+00,1.000000000000000000e+00
5.116732769967791139e-01,-1.208744149923620392e-01,-7.523311295424095491e-02,-1.712699136782374065e-01,3.115092117403471583e+00,1.000000000000000000e+00,0.000000000000000000e+00
-1.195020608569578868e-01,-1.080358385466052284e-01,1.477990079366669818e+00,3.070884370872811742e-01,1.031116383002860237e+00,1.000000000000000000e+00,0.000000000000000000e+00
-2.211414569687905896e-01,2.884667435700346005e-01,1.871120786835392735e+00,1.575403040690591450e+00,-1.897975411485555153e-01,0.000000000000000000e+00,1.000000000000000000e+00
-7.648075027935405945e-01,5.817798665146448611e-01,2.386449910595542789e-01,2.874445234371595381e-01,1.564915690190831876e+00,1.000000000000000000e+00,0.000000000000000000e+00
3.469337775179559547e-01,6.304617988056735456e-01,1.739397257854218726e+00,2.437784708644665344e+00,2.002780008485163243e+00,1.000000000000000000e+00,0.000000000000000000e+00
-7.120936801371091640e-01,6.099691819966407413e-01,1.852961924003296179e+00,2.090142422266467737e+00,3.876668331361153852e-01,1.000000000000000000e+00,0.000000000000000000e+00
-5.458701397121054066e-01,4.810158522565691208e-02,1.773170094047790801e+00,2.991410681875424693e+00,1.121343548466840589e+00,0.000000000000000000e+00,1.000000000000000000e+00
3.911236227253407916e-01,-2.604273011115351144e-01,1.009936708637896086e+00,2.561738460577610788e+00,5.628584355649222104e-01,1.000000000000000000e+00,0.000000000000000000e+00
-3.388804750188769144e-01,7.583316827537269766e-01,1.169463579187662194e+00,4.485716069319934940e-01,2.029219861625489507e+00,1.000000000000000000e+00,0.000000000000000000e+00
5.775352086470003643e-01,1.303112902044647678e-03,2.242032979497587952e+00,6.159903511801798626e-01,2.341750314568333380e+00,1.000000000000000000e+00,0.000000000000000000e+00
8.492969871676088467e-02,1.989599047855076241e-01,1.554818857287434408e+00,8.802649238893416328e-01,2.490543235842030967e+00,0.000000000000000000e+00,1.000000000000000000e+00
-6.020845418268796490e-01,-8.339506296052143219e-02,-2.867918915305855965e-01,2.593678883543975022e-01,1.956179374035216245e-02,0.000000000000000000e+00,1.000000000000000000e+00
4.648274511014678367e-01,-1.363023073392962692e-01,2.182998697107512598e+00,1.923835683675274577e+00,8.205642109609574408e-01,1.000000000000000000e+00,0.000000000000000000e+00
5.857197339652880919e-01,1.688146855290425796e-01,-1.567100342761117204e+00,1.539223613311970773e+00,7.425959040487550844e-01,1.000000000000000000e+00,0.000000000000000000e+00
2.048486403689057656e-01,-7.802676852955302556e-01,-4.497674907277371403e-02,1.901987897234827196e+00,9.668493455182700647e-01,0.000000000000000000e+00,1.000000000000000000e+00
5.210448502149025440e-01,-7.135626343020594620e-01,1.083184286410781016e+00,5.035122927421002981e-01,2.664943861858347418e+00,0.000000000000000000e+00,1.000000000000000000e+00
1.036320324251960301e+00,3.589413634637622641e-01,9.774408557964378019e-01,1.387441903536912324e+00,2.437250912584690621e+00,0.000000000000000000e+00,1.000000000000000000e+00
3.950080799950909660e-01,-1.996263380091987671e-01,1.296125886420745221e+00,3.038983802397018597e+00,3.305620189072884241e-01,1.000000000000000000e+00,0.000000000000000000e+00
1.005854498567398531e-01,9.448876028772029700e-02,9.463607034357962577e-01,4.445793060759190007e-01,3.806425771345853359e+00,0.000000000000000000e+00,1.000000000000000000e+00
-7.545420273789213983e-01,5.943746075500602188e-01,1.871180327456022585e+00,1.534441095556997370e+00,1.026478679996924770e+00,1.000000000000000000e+00,0.000000000000000000e+00
-1.044672304002918883e+00,-4.624593695652817749e-01,7.640668519901081535e-01,-1.151272649201413589e-01,1.770633618148969246e+00,1.000000000000000000e+00,0.000000000000000000e+00
-6.734348294921432831e-01,6.011851811081285746e-01,-3.977617011166718619e-01,3.741480545171998795e+00,1.241594957182147185e-01,1.000000000000000000e+00,0.000000000000000000e+00
1.466478196897596509e-01,9.217208032531161443e-02,1.313847668855803619e+00,1.340820770463476475e+00,1.410249316183993296e+00,0.000000000000000000e+00,1.000000000000000000e+00
5.385929669399135422e-01,3.413572606101554774e-01,1.604788682584397108e+00,-1.024599710134637132e+00,-5.465783870132683298e-01,1.000000000000000000e+00,0.000000000000000000e+00
-1.505539418714328948e-01,-7.603763872190616446e-01,-1.289360802057749833e+00,6.967687480048883053e-01,8.244798709779583845e-01,0.000000000000000000e+00,1.000000000000000000e+00
-3.030335837277793321e-01,8.356823617765114509e-01,1.429313229431324883e+00,3.869901034957921038e-01,7.204898326410311693e-01,1.000000000000000000e+00,0.000000000000000000e+00
1.929216296053904434e-01,-3.747914521414442701e-01,1.524045680835844685e+00,1.592105738655418934e+00,1.084377142262962224e+00,1.000000000000000000e+00,0.000000000000000000e+00
1.063258697576487055e+00,4.003216845049449302e-01,4.101740380503815508e-01,1.128979514846164545e+00,1.764913786122239037e+00,0.000000000000000000e+00,1.000000000000000000e+00
3.239221362970310936e-01,-8.210984904052425204e-01,6.322361576863613220e-01,1.118836890658919891e+00,1.645059524731070644e+00,0.000000000000000000e+00,1.000000000000000000e+00
9.546758029443673799e-01,-2.851531845084468997e-01,9.472788861688591355e-01,5.746734749942441489e-01,3.167430082788765588e+00,0.000000000000000000e+00,1.000000000000000000e+00
-6.707441235963494952e-01,6.261201302670615920e-01,6.059532471256805497e-01,6.834058459089560333e-01,1.136162534218891240e+00,1.000000000000000000e+00,0.000000000000000000e+00
4.325905318810669420e-01,-7.734237403428185775e-01,1.396690944318533800e-01,8.110037474860335438e-01,1.505003511876134459e+00,0.000000000000000000e+00,1.000000000000000000e+00
-9.858550926954789961e-02,3.414425039065314138e-01,1.217884567270769436e-01,2.937264218581735475e-01,3.704589562727376162e-01,0.000000000000000000e+00,1.000000000000000000e+00
-2.978210990415718420e-02,-2.413213832253819913e-01,2.120735153517281368e-01,1.515309743038841805e+00,1.483849992135873874e+00,1.000000000000000000e+00,0.000000000000000000e+00
-3.292712244859240939e-02,8.528504852014838766e-01,8.695664236757335575e-01,1.498734231717321785e+00,2.642538043998619912e+00,1.000000000000000000e+00,0.000000000000000000e+00
1.027093417365578382e-01,-8.319437178073767480e-01,1.715989895547127109e+00,1.162132974606094882e+00,9.292484076301127383e-01,0.000000000000000000e+00,1.000000000000000000e+00
1.448098125356453159e-01,7.329126374516350406e-01,8.960716068850961280e-01,2.351707782706643712e+00,9.004183943656123290e-01,1.000000000000000000e+00,0.000000000000000000e+00
-2.193526623295280753e-01,7.799239341754378163e-01,8.372436331990988911e-01,1.962106590397783457e+00,-4.455758807357046436e-03,1.000000000000000000e+00,0.000000000000000000e+00
6.459352251796781630e-01,-6.022915997450541958e-01,2.609773890050382406e+00,9.625700301400146319e-01,4.500311386827733351e-01,0.000000000000000000e+00,1.000000000000000000e+00
-5.242204170877713676e-02,7.723485620417230857e-01,2.537320084416447852e+00,6.685819684927453155e-01,1.083723375135850375e+00,1.000000000000000000e+00,0.000000000000000000e+00
1.877733092206869750e-02,3.336354972145624265e-01,1.140976149804661333e+00,1.088217094460536716e+00,7.817270375945696292e-01,0.000000000000000000e+00,1.000000000000000000e+00
-5.918048482325098947e-01,-3.609305186051926101e-02,2.644507027859227755e+00,2.443422652213892654e+00,4.807600912387437475e-01,0.000000000000000000e+00,1.000000000000000000e+00
-3.630610417173630866e-01,2.390656000842464324e-01,1.301946400127661940e+00,1.892547035169976244e+00,3.275987143795420220e-01,0.000000000000000000e+00,1.000000000000000000e+00
-4.180213587052102747e-02,-2.755642490231884345e-01,-1.507176270188407496e+00,1.269945288826607843e+00,1.618531332109624632e+00,1.000000000000000000e+00,0.000000000000000000e+00
-2.716422843360651387e-02,7.743357603373962617e-01,1.566740652261892519e+00,-1.654376260950352950e+00,1.113583609080573744e+00,1.000000000000000000e+00,0.000000000000000000e+00
1.032418868924697364e+00,8.164973629344551842e-02,1.499977439680288960e-02,1.851068701187843502e+00,1.547827360618016623e+00,0.000000000000000000e+00,1.000000000000000000e+00
-4.123270796008030037e-02,-2.412437865389983060e-01,9.140724332208465253e-01,4.893113364172775315e-01,7.268342693484718398e-01,1.000000000000000000e+00,0.000000000000000000e+00
5.468010040762879553e-01,-6.169720285744140914e-02,1.017958403775550025e+00,2.010671628052362436e+00,1.396974206027125076e+00,1.000000000000000000e+00,0.000000000000000000e+00
-1.042900450529283596e+00,-2.314839122528438431e-01,5.177391381002094395e-01,-3.249787994134551994e-01,2.091755044480335002e+00,1.000000000000000000e+00,0.000000000000000000e+00
-5.791465927342652753e-01,3.992501768397136580e-03,2.399373620375596872e+00,5.902412939287766669e-01,1.899638122952685304e+00,0.000000000000000000e+00,1.000000000000000000e+00
-4.339707313605022376e-01,2.021754994308059550e-01,5.029346653354680452e-01,1.417081179833356241e+00,1.502130487099412992e+00,0.000000000000000000e+00,1.000000000000000000e+00
1.012937752033899352e+00,4.792996962996493582e-01,7.878522013477575747e-01,2.974420670157088331e+00,1.285986913465620773e+00,0.000000000000000000e+00,1.000000000000000000e+00
-8.681137454808933451e-02,-2.406530093354928568e-01,-2.716259048981799484e-01,2.411860320948311376e+00,3.071053785287474192e-01,1.000000000000000000e+00,0.000000000000000000e+00
-2.389669549370122478e-02,-2.905780194959385332e-01,8.009342152839834528e-01,1.920135194769890585e+00,1.091708263049054661e+00,1.000000000000000000e+00,0.000000000000000000e+00
-5.930989697488914247e-01,-1.807012606196717608e-01,2.022656646681018078e-01,-1.498816510243984990e+00,2.208181287838578921e+00,0.000000000000000000e+00,1.000000000000000000e+00
-2.110222427907829379e-01,8.469474676234931554e-01,6.583434306689259774e-01,3.037554229638106840e+00,9.811973542016086958e-01,1.000000000000000000e+00,0.000000000000000000e+00
-4.160797130270171285e-01,1.956625037439309878e-01,4.393665345435753267e-01,1.523312543554996568e+00,-1.860117452123688508e-01,0.000000000000000000e+00,1.000000000000000000e+00
3.638421202211747918e-01,6.062644615119738845e-01,1.907039333066886000e+00,-5.511550400602465150e-01,9.654068964786407525e-01,1.000000000000000000e+00,0.000000000000000000e+00
2.035590042113578357e-01,-7.986045757202548945e-01,4.264053901400072233e-01,1.196819134771841986e+00,5.066516110579811771e-01,0.000000000000000000e+00,1.000000000000000000e+00
1.584019593433322048e-01,7.972519228619190379e-01,2.296411266774578408e+00,-7.708228700105008713e-01,2.439728541528301875e+00,1.000000000000000000e+00,0.000000000000000000e+00
-4.999569396586127645e-01,7.803590563698031835e-01,3.464257848343353929e-01,2.393303439782672903e+00,4.050482922055468338e-01,1.000000000000000000e+00,0.000000000000000000e+00
-5.119684187009907461e-01,3.508292415844567469e-02,2.156100789595241096e+00,-2.892220177774200707e-01,1.359813611094661034e+00,0.000000000000000000e+00,1.000000000000000000e+00
-2.329318147387120508e-01,3.429353072695900395e-01,2.970866098377004327e+00,2.049206855843933583e-01,-1.697278291159122876e+00,0.000000000000000000e+00,1.000000000000000000e+00
1.614146755003542438e-03,2.560882574290165303e-01,5.491352763903954992e-01,-1.437857120763267105e+00,2.001526000827515084e+00,0.000000000000000000e+00,1.000000000000000000e+00
1.064066542238967239e+00,4.161672940053628422e-01,1.262112195950298776e+00,-4.383679470243415643e-01,-4.746352085933804865e-01,0.000000000000000000e+00,1.000000000000000000e+00
1.719619255714316397e-01,-7.779315849530046290e-01,1.283492915159669678e+00,-5.688375690377678318e-02,1.342884137338178130e+00,0.000000000000000000e+00,1.000000000000000000e+00
5.276868420846093644e-01,3.539888779014733200e-01,2.232165646125347624e+00,-4.866859413011213054e-01,7.447526787323048847e-01,1.000000000000000000e+00,0.000000000000000000e+00
1.035730385385930541e+00,-1.588323590319983547e-01,8.502650085632244004e-01,2.299386388394025538e+00,2.691666784196670159e-01,0.000000000000000000e+00,1.000000000000000000e+00
-9.732357297189385692e-01,-6.352477699962727486e-01,1.253553014783004294e+00,-1.930552684053496559e+00,-3.249400985691988097e-01,1.000000000000000000e+00,0.000000000000000000e+00
-2.630513995125245696e-02,-2.724811833487855717e-01,1.486392242474547487e+00,1.755590707895746005e+00,1.135646622636861114e-01,1.000000000000000000e+00,0.000000000000000000e+00
5.734257355103203890e-01,9.590943402145304941e-02,2.031692016862966632e+00,9.285078605857770562e-01,1.626372817314070129e+00,1.000000000000000000e+00,0.000000000000000000e+00
-1.079641641717154599e+00,-1.100924229440667784e-01,3.801980230618363654e-01,1.275016058972476607e+00,8.909189106616764997e-01,1.000000000000000000e+00,0.000000000000000000e+00
4.184319412541357419e-01,-2.286633952794310254e-01,1.370127861943811975e+00,1.777078921479724016e+00,-9.031209298326414725e-02,1.000000000000000000e+00,0.000000000000000000e+00
8.289944621240518119e-01,-4.488331265503845424e-01,1.181862412013876540e-01,1.497717150588544932e+00,8.742129765275430398e-01,0.000000000000000000e+00,1.000000000000000000e+00
7.066465209530686797e-01,-6.365190931131908814e-01,9.860608660201934939e-01,1.680575802349572045e-01,9.929477674571846046e-01,0.000000000000000000e+00,1.000000000000000000e+00
-1.240931250381558382e-01,3.090018661741157358e-01,8.003888900586915156e-01,4.105816092965614006e-01,-6.030362082003084545e-01,0.000000000000000000e+00,1.000000000000000000e+00
1.498426321371322256e-01,-2.937521437349792652e-01,1.150721130160337724e+00,6.104507965045349316e-01,1.188083151025764561e+00,1.000000000000000000e+00,0.000000000000000000e+00
1.043348065973271621e-01,-2.903147298282126587e-01,2.023290495677103173e+00,1.480387993420464454e+00,-2.879101517514215391e-01,1.000000000000000000e+00,0.000000000000000000e+00
4.052347531706783079e-01,-2.917691602442075705e-01,1.599672241407376738e+00,6.076618441959176220e-01,-5.270431866963141143e-01,1.000000000000000000e+00,0.000000000000000000e+00
-1.082375137062272286e+00,-2.840183827967923680e-01,2.750295158554882935e+00,2.744125117558265714e+00,-9.104448642540536873e-01,1.000000000000000000e+00,0.000000000000000000e+00
-3.310008653720736826e-01,-6.679380719516939680e-01,9.981407506420975073e-01,-1.194172496974078346e+00,1.210235042069439437e+00,0.000000000000000000e+00,1.000000000000000000e+00
2.605642551314252819e-01,-8.430870522187928762e-01,1.003158230600045053e+00,9.678220781065699496e-01,1.453333791641495898e+00,0.000000000000000000e+00,1.000000000000000000e+00
-1.047661741449922967e+00,8.988859487959473260e-02,7.595038218818743747e-01,2.381542552606632057e+00,1.310643727554174021e+00,1.000000000000000000e+00,0.000000000000000000e+00
-6.003033663366621475e-01,-1.844931673360483415e-01,-1.340067014001352863e+00,1.806461796681268606e+00,9.892324455108814085e-01,0.000000000000000000e+00,1.000000000000000000e+00
-9.382057220600741321e-01,-6.094231173928794654e-01,-3.298096386910265299e-01,2.793570525147021755e+00,1.503096184235862776e+00,1.000000000000000000e+00,0.000000000000000000e+00
4.757654251797156508e-01,4.666145263946575583e-01,4.067482451590564985e-02,5.102977228835778867e-01,1.032625928507279189e+00,1.000000000000000000e+00,0.000000000000000000e+00
-5.381525018130473015e-01,-2.740277769652941231e-01,1.599504372760653492e+00,2.069767113938230096e+00,1.988918411462767821e+00,0.000000000000000000e+00,1.000000000000000000e+00
3.211634254174406539e-02,-3.097208099836853967e-01,-2.307462043517265471e-01,7.518495017472651698e-01,2.171160332250778868e-01,1.000000000000000000e+00,0.000000000000000000e+00
1.625491403162135917e-01,-8.107607853944610588e-01,1.396269692017439112e+00,1.301886276691194944e+00,4.576034147491302440e-01,0.000000000000000000e+00,1.000000000000000000e+00
5.226217501068448623e-01,2.237003180534761215e-01,6.310649782360351345e-01,-1.327142817460904567e-01,1.438744503276699227e+00,1.000000000000000000e+00,0.000000000000000000e+00
1.045373443906012279e+00,2.771722935393327036e-01,3.278766544594994059e+00,3.636456541465037384e-01,8.546081726056306005e-01,0.000000000000000000e+00,1.000000000000000000e+00
-9.808261919484630165e-02,-1.435372836462603108e-01,3.442163687770117830e-01,1.709163208075112017e+00,1.344197376801555599e+00,1.000000000000000000e+00,0.000000000000000000e+00
8.801059427059401141e-01,-4.041678771439984330e-01,1.400820917411618849e+00,4.609060319148194917e-02,2.802365784724961895e+00,0.000000000000000000e+00,1.000000000000000000e+00
5.114878326790354146e-01,-6.983613237860544221e-01,2.479201214170155154e+00,2.350463312055213194e-01,1.538267221280906760e+00,0.000000000000000000e+00,1.000000000000000000e+00
1.291407282471329909e-01,7.454109680007904304e-01,6.379523574665156849e-01,7.698006015468455976e-01,1.015269228620460096e-01,1.000000000000000000e+00,0.000000000000000000e+00
2.166931816388547871e-01,-8.165417943070275575e-01,1.220527253029081161e-01,-2.178400206541897255e-01,3.013781976211105551e+00,0.000000000000000000e+00,1.000000000000000000e+00
-9.866690379264553279e-01,-5.855190116960726776e-01,-4.069729314606025383e-01,4.133137696680867501e-01,1.967227722954259850e+00,1.000000000000000000e+00,0.000000000000000000e+00
-3.880072610442172332e-01,7.858199192669785837e-01,1.402973276612260678e+00,3.099303866312737021e-01,1.650794049754355175e+00,1.000000000000000000e+00,0.000000000000000000e+00
7.215005778978055007e-02,-3.054518121024696331e-01,-5.089832573539156968e-01,2.658799494194671986e+00,7.126087368236877495e-02,1.000000000000000000e+00,0.000000000000000000e+00
1.409191006239814137e-01,-8.322074703336173052e-01,1.517307345813799113e+00,1.014028462798850061e+00,8.725876848550802034e-01,0.000000000000000000e+00,1.000000000000000000e+00
-2.540232459950724220e-01,-7.083997332783351641e-01,6.815133770391483825e-01,6.560248056304218700e-01,8.252697715162473635e-01,0.000000000000000000e+00,1.000000000000000000e+00
-9.450879964109447640e-01,-6.462650813685774098e-01,1.299191320413705109e+00,-2.417803831494080846e-01,2.576247101215380475e+00,1.000000000000000000e+00,0.000000000000000000e+00
-4.603726055086554969e-01,1.683608333316737871e-01,8.205812502080813697e-01,1.919840147911078265e-01,8.959588622619190090e-01,0.000000000000000000e+00,1.000000000000000000e+00
-3.738883345380467071e-01,2.442278302451907079e-01,8.487657132003483262e-01,2.041012028456362426e+00,-8.009251649994308941e-02,0.000000000000000000e+00,1.000000000000000000e+00
-4.464311894839312345e-01,7.276609012823663791e-01,2.314101307102061966e+00,9.712590525416131548e-01,1.568923292625869159e+00,1.000000000000000000e+00,0.000000000000000000e+00
7.473720156441135964e-01,-5.852089804859939015e-01,-1.218397121163145691e+00,1.060117141024431664e+00,1.054216527417383142e-01,0.000000000000000000e+00,1.000000000000000000e+00
-1.284933822726364028e-01,8.634771836281515123e-01,1.785857068867884312e+00,1.360852680099374545e+00,2.970003042265845217e-01,1.000000000000000000e+00,0.000000000000000000e+00
1.067284251708205955e+00,2.002758484572510489e-01,6.825157332619603556e-01,1.927030564681163849e+00,2.134146990970095636e+00,0.000000000000000000e+00,1.000000000000000000e+00
-2.022406817265966772e-01,-7.335311513253482962e-01,-4.569935496572583578e-01,-9.384353397343669911e-04,1.310511459372413867e+00,0.000000000000000000e+00,1.000000000000000000e+00
-1.113855824578904169e-02,-2.527345859216273971e-01,-9.182635593060228807e-02,1.694579588646218049e+00,1.121466974414945472e+00,1.000000000000000000e+00,0.000000000000000000e+00
9.883696298730804131e-01,-1.946387631072355462e-01,1.923281479599719956e+00,-3.918714243518162110e-01,5.881754061184751858e-01,0.000000000000000000e+00,1.000000000000000000e+00
-5.162280349571746196e-01,-4.021769409764578418e-01,6.460382577162302464e-01,8.919846919769391924e-01,-1.041212915630286062e+00,0.000000000000000000e+00,1.000000000000000000e+00
5.887882991196727867e-01,-7.345650911595159593e-01,1.980310021929436948e+00,9.775236239626338142e-01,9.411566710665547619e-01,0.000000000000000000e+00,1.000000000000000000e+00
-4.301888714589350848e-01,7.870450012004344131e-01,5.462251399551579789e-01,3.255329124443944178e-01,1.095658290671608359e+00,1.000000000000000000e+00,0.000000000000000000e+00
-2.442756632483089885e-01,8.214323745423813827e-01,1.257960571029269170e+00,2.245595769029709921e+00,1.825486571865172269e+00,1.000000000000000000e+00,0.000000000000000000e+00
-5.398334548643022313e-01,-8.139861774405655892e-02,-3.334176209621309006e-01,5.338275137618584409e-01,-1.647912470349339742e-01,0.000000000000000000e+00,1.000000000000000000e+00
-1.042386062401128966e+00,-3.136535150622577622e-02,5.537196399764494625e-01,9.697961179247347463e-01,1.803772010956312677e+00,1.000000000000000000e+00,0.000000000000000000e+00
-5.001150054327606620e-01,2.335457443266185460e-03,8.954685315302933768e-01,-2.111022160814945980e-01,9.942444857442802597e-01,0.000000000000000000e+00,1.000000000000000000e+00
2.343014366286512717e-01,-7.998430039464908825e-01,1.390928114240357782e+00,1.700165356701593966e-01,1.120452514998701243e+00,0.000000000000000000e+00,1.000000000000000000e+00
-6.031193068815954295e-01,-1.801473967569473256e-01,8.615836972830153151e-01,1.441236425440080238e+00,7.941134652923422799e-01,0.000000000000000000e+00,1.000000000000000000e+00
-4.461252917213228142e-01,2.389958703951469143e-01,1.027634893216093248e+00,3.885767103728504646e-01,1.854288958981260560e+00,0.000000000000000000e+00,1.000000000000000000e+00
-4.173542831786372989e-03,2.677380403283446397e-01,-3.476875329335467057e-01,3.824208696105684702e+00,5.773474876096671426e-01,0.000000000000000000e+00,1.000000000000000000e+00
7.988531405327041479e-02,1.862927335131079332e-01,1.463265008256913191e-01,-3.076669500217532605e-01,1.151501744973746799e+00,0.000000000000000000e+00,1.000000000000000000e+00
-5.608591996047539441e-01,-2.820414233090616785e-01,1.240585922341309377e+00,2.391687836697638403e+00,1.342000176425684810e+00,0.000000000000000000e+00,1.000000000000000000e+00
9.732361377101189648e-02,7.625137780776087837e-01,-2.084582181201799500e-01,-6.065253705288919939e-02,-4.326676953885186805e-01,1.000000000000000000e+00,0.000000000000000000e+00
1.217096535793447433e-02,-8.190687553896781603e-01,2.452043844822431762e+00,1.299011971258659859e+00,1.609590510892293214e+00,0.000000000000000000e+00,1.000000000000000000e+00
3.694261276438526309e-01,-2.874560938465233750e-01,-5.962345755693232441e-02,1.094293125057359983e+00,-4.635164976974914808e-01,1.000000000000000000e+00,0.000000000000000000e+00
1.013793580858314503e+00,3.893843360452362012e-01,2.148277608420918305e+00,1.369444688641403562e+00,1.121201374307568388e+00,0.000000000000000000e+00,1.000000000000000000e+00
5.473425468530168647e-01,2.005398543194489291e-01,1.465969055476218807e+00,1.807294406480892679e-01,5.014525236616863557e-01,1.000000000000000000e+00,0.000000000000000000e+00
-1.088624328124647267e+00,-3.076828510217920892e-02,6.589922247963253543e-01,-3.923864912969130536e-01,1.027100815694519831e+00,1.000000000000000000e+00,0.000000000000000000e+00
-4.380789838464374530e-01,1.892183867741818737e-01,2.107376365222725312e+00,7.101652683451631365e-02,1.416148762273354844e-01,0.000000000000000000e+00,1.000000000000000000e+00
2.259607722710867406e-01,-8.501600037097677420e-01,3.891039670910818593e-01,3.703395070728880967e-01,6.652968247982185002e-01,0.000000000000000000e+00,1.000000000000000000e+00
-3.906520974200512752e-02,2.983853441916333726e-01,9.982141400926526353e-01,2.343402625445766940e+00,4.692304901087233082e-01,0.000000000000000000e+00,1.000000000000000000e+00
-1.134102186086097669e-01,-1.963453412962515576e-01,4.648707177612647623e-01,7.989703720659020458e-01,-1.037211246920890506e-01,1.000000000000000000e+00,0.000000000000000000e+00
-1.527400198481532745e-01,7.825636091821800422e-01,1.933777945112291619e-04,1.450580993644558170e+00,1.131307245517372273e-01,1.000000000000000000e+00,0.000000000000000000e+00
4.916415492853509206e-01,-1.825977586385018059e-01,6.969373813181989341e-01,2.669504606822421966e+00,1.484440615848834799e+00,1.000000000000000000e+00,0.000000000000000000e+00
9.541923285817670575e-01,5.453942784614814743e-01,5.395845415040672055e-01,3.231501694164709004e-01,1.328345581972093958e+00,0.000000000000000000e+00,1.000000000000000000e+00
-8.689375378415602480e-01,4.371859737221843734e-01,1.065502718801509152e+00,4.707013830842179392e-01,5.868805619337071899e-01,1.000000000000000000e+00,0.000000000000000000e+00
-7.225282180425753875e-01,5.652238915538274622e-01,8.598361632166855451e-01,2.323921536797141307e+00,8.769422140344347305e-01,1.000000000000000000e+00,0.000000000000000000e+00
-5.549509090935133004e-01,-1.014105601956956544e-02,1.113548297250245067e+00,1.912582037825452108e+00,3.734809047705439422e+00,0.000000000000000000e+00,1.000000000000000000e+00
9.595271156726320472e-02,1.193138108038121897e-01,-9.454309468326913546e-01,3.033662261698504281e+00,2.163757388631808443e+00,0.000000000000000000e+00,1.000000000000000000e+00
-4.759799994816762969e-02,2.853608990437065396e-01,1.195757302549906642e+00,-7.769145414914997438e-01,-1.041377288433562587e-01,0.000000000000000000e+00,1.000000000000000000e+00
2.125432357243650927e-01,-3.263764841398089089e-01,1.415092715952028568e+00,-1.828168277013126897e-01,2.217590365796769714e+00,1.000000000000000000e+00,0.000000000000000000e+00
-7.985872530679437309e-02,8.588870249375021304e-01,7.004177219253555631e-01,1.002306998774001201e+00,7.028390427160656762e-01,1.000000000000000000e+00,0.000000000000000000e+00
-6.253353060542191644e-01,7.108760681716033147e-01,5.263772391773487991e-01,9.879194718670888387e-01,5.228538269356899360e-01,1.000000000000000000e+00,0.000000000000000000e+00
3.072272282308194380e-01,-8.150309762389205126e-01,1.639558047118053086e+00,1.507158659575045689e+00,-1.790931492872972708e+00,0.000000000000000000e+00,1.000000000000000000e+00
2.711111535275447793e-01,-8.214055754533706732e-01,4.101760835667886962e-01,9.050266983319203984e-01,1.977831763803202136e+00,0.000000000000000000e+00,1.000000000000000000e+00
-4.667349870658785149e-01,1.745549052153188840e-01,2.034867457673364299e+00,1.639891396445463556e+00,-1.754374373287273858e+00,0.000000000000000000e+00,1.000000000000000000e+00
-3.295062275493263471e-01,7.594827895116944561e-01,1.578311964303217296e+00,1.688123580995924966e-01,-1.155753762950317842e-01,1.000000000000000000e+00,0.000000000000000000e+00
-1.445994394422184526e-01,3.321536059832394527e-01,1.299152240813510328e+00,1.869803704225203811e+00,3.626077178159874403e-01,0.000000000000000000e+00,1.000000000000000000e+00
-8.854786593093666447e-02,2.885000966234613218e-01,-2.107879744580227754e-01,9.243983652980536370e-02,7.657268181808397634e-01,0.000000000000000000e+00,1.000000000000000000e+00
-4.675841411472246856e-01,1.330848542314816696e-01,1.065364702933964125e+00,1.790546668241310702e+00,1.828002509343811699e+00,0.000000000000000000e+00,1.000000000000000000e+00
-1.065347953713438489e+00,-3.377419779952418599e-01,1.451408691952341901e+00,4.895753382140521914e-01,2.961405321949253988e+00,1.000000000000000000e+00,0.000000000000000000e+00
-2.139426769762476643e-01,3.034023705718587594e-01,3.458773717603391695e-02,7.718746356939985009e-01,1.824395974134348952e+00,0.000000000000000000e+00,1.000000000000000000e+00
-1.228151789752676276e-01,-1.312703367658559772e-01,1.059157351235253230e+00,5.305976079663001777e-01,3.594815678861145170e+00,1.000000000000000000e+00,0.000000000000000000e+00
-1.045324624118351808e+00,1.660024395514728413e-01,9.621506733883414819e-01,3.459330471355804848e-01,6.942677820120832788e-01,1.000000000000000000e+00,0.000000000000000000e+00
9.571856444852893109e-01,-3.601097256847894390e-01,2.407557367962097628e-01,1.582778137740293189e+00,8.955232296813753212e-01,0.000000000000000000e+00,1.000000000000000000e+00
-9.294862614658863098e-01,3.199022096731013454e-01,-4.315308481118200756e-01,1.037924791968183769e+00,1.138313190175594958e+00,1.000000000000000000e+00,0.000000000000000000e+00
3.161167805847177603e-01,-2.989004479991187457e-01,-4.868530537741482256e-01,-9.997431645419443402e-01,5.539879117773212069e-01,1.000000000000000000e+00,0.000000000000000000e+00
1.249210071773063646e-01,1.738895087120389538e-01,8.722276483377708889e-01,-5.122138628907690894e-01,1.305718561350377449e+00,0.000000000000000000e+00,1.000000000000000000e+00
-5.267248316126577068e-01,-3.104199989670100024e-01,1.819479522513389735e+00,1.880373876460967431e+00,1.189146365990928045e+00,0.000000000000000000e+00,1.000000000000000000e+00
-1.346920061063546226e-01,3.763040713389548819e-01,1.623790372858558539e+00,2.550214581226599719e+00,-8.456470092991013043e-01,0.000000000000000000e+00,1.000000000000000000e+00
1.086736702941588223e-01,-3.805468276280736251e-01,9.226470713807612967e-01,7.698974482040416012e-01,1.918227754990230460e-01,1.000000000000000000e+00,0.000000000000000000e+00
5.247968193207492860e-01,2.935508296493427594e-01,5.668312450051358198e-01,1.156677229676181806e+00,1.295688316115886307e+00,1.000000000000000000e+00,0.000000000000000000e+00
4.767463095641952808e-01,-2.041531664362644105e-01,1.451283567836462174e+00,2.417041605271386118e+00,4.231365641366675590e-01,1.000000000000000000e+00,0.000000000000000000e+00
2.116121412741603924e-01,-8.593652370682167696e-01,1.492732402219438370e+00,5.889725649616406322e-01,-3.250516115704280562e-01,0.000000000000000000e+00,1.000000000000000000e+00
6.112090785404499238e-01,-7.009043013245904730e-01,6.733192875406562861e-01,-5.456928183351801298e-01,3.860649243613899273e+00,0.000000000000000000e+00,1.000000000000000000e+00
-5.629079752330579112e-01,-8.967950083568796554e-03,-6.623618336371803750e-01,1.934641784856681035e+00,2.315495383808812591e+00,0.000000000000000000e+00,1.000000000000000000e+00
-1.673009962314409016e-01,-7.470561520245987408e-01,2.499132410847560770e+00,1.913811103764073263e+00,-3.527062612461278057e-01,0.000000000000000000e+00,1.000000000000000000e+00
1.027435528535834974e+00,1.006721142395310964e-01,1.397606837638687871e+00,2.478949407637237812e+00,1.354984178849812704e+00,0.000000000000000000e+00,1.000000000000000000e+00
1.069601821630127708e-01,1.164668372802646346e-01,2.337446339824745811e-01,4.858483763044952886e-01,3.789492606180177026e-01,0.000000000000000000e+00,1.000000000000000000e+00
1.043634294667847184e+00,2.084325490476392762e-01,2.599185921966646440e+00,1.865182177830196020e+00,9.570775879124280294e-01,0.000000000000000000e+00,1.000000000000000000e+00
9.642451794718546187e-01,-2.590516812397419266e-01,2.224184161280583716e+00,1.453324391838133334e+00,2.133379992705195072e+00,0.000000000000000000e+00,1.000000000000000000e+00
-3.868508502797081416e-02,2.765730698220696393e-01,1.031535024919230992e+00,1.330451286386964416e+00,5.532001008800112585e-01,0.000000000000000000e+00,1.000000000000000000e+00
-4.620979252633080625e-01,1.981921829461618934e-01,2.843544889901232775e-01,6.890687323526533126e-01,1.114995546004413196e+00,0.000000000000000000e+00,1.000000000000000000e+00
-5.306937998179156457e-01,6.798429918815833417e-02,7.806881170068704634e-01,3.677281800891143426e+00,1.069276803801050058e+00,0.000000000000000000e+00,1.000000000000000000e+00
-3.514754102925518042e-01,8.205968953459092941e-01,2.271334371736825064e-01,6.420049533661809082e-02,2.451197132532373146e+00,1.000000000000000000e+00,0.000000000000000000e+00
9.430143223330460234e-02,1.723159714823252198e-01,-8.318093301251650029e-01,2.323099603349089826e+00,1.677945581609812997e+00,0.000000000000000000e+00,1.000000000000000000e+00
3.963265420213588769e-02,2.894891279807655371e-01,1.457588003783675257e+00,1.209290215734955654e+00,-7.630846808569646811e-02,0.000000000000000000e+00,1.000000000000000000e+00
1.061170525425917610e+00,7.956002199849214473e-02,6.127305121208151961e-01,5.402474101780201376e-01,3.506292336472537130e+00,0.000000000000000000e+00,1.000000000000000000e+00
1.010701153400575425e+00,3.761639544047722938e-01,-2.055330871432294870e-01,1.439357756393233378e+00,2.642442305365255706e+00,0.000000000000000000e+00,1.000000000000000000e+00
4.264786658504104988e-01,-7.584888439423913553e-01,6.066160846942574292e-01,-2.409174708706890655e+00,8.666497039615506104e-01,0.000000000000000000e+00,1.000000000000000000e+00
3.814353208600412826e-01,-2.497033210378805657e-01,1.162749888865273862e+00,2.246197550838968660e-02,5.821630253283393008e-01,1.000000000000000000e+00,0.000000000000000000e+00
2.312746955764088605e-02,-3.418928463982259802e-01,7.931511983947945321e-01,7.812097565221614026e-01,6.970940225428767789e-02,1.000000000000000000e+00,0.000000000000000000e+00
1.910605459990187827e-01,-3.647133536672025889e-01,9.616049712303582631e-01,1.989067267198150191e+00,1.422733479086456976e+00,1.000000000000000000e+00,0.000000000000000000e+00
-5.214871471064351782e-01,-1.020749457777811314e-01,1.611898867478692932e+00,3.947893368582618967e-01,2.997263661409795832e-01,0.000000000000000000e+00,1.000000000000000000e+00
5.217585966319281399e-01,9.183223198445963908e-02,7.558903710294814227e-01,1.698939190196126603e+00,9.733054631852806615e-01,1.000000000000000000e+00,0.000000000000000000e+00
-3.812444452734390365e-01,8.061148052846841550e-01,1.282256173682553735e+00,2.983308141143919290e+00,2.125039153184844931e+00,1.000000000000000000e+00,0.000000000000000000e+00
2.106878862193667032e-02,8.443362028465073443e-01,6.388745449165240675e-01,1.643637560462406721e+00,-9.518207416321800007e-01,1.000000000000000000e+00,0.000000000000000000e+00
-2.213815717693705387e-01,2.923416574212441832e-01,1.180228147845819420e+00,2.442913449582195362e+00,1.585097616552307631e+00,0.000000000000000000e+00,1.000000000000000000e+00
9.690064783708844665e-02,1.685468300533061736e-01,4.079130779744899460e-01,1.437708237953490231e+00,1.734126118997747490e-01,0.000000000000000000e+00,1.000000000000000000e+00
2.646258145238210568e-01,6.617639539648205727e-01,2.141439780581413821e+00,-2.994481781147326771e-01,1.604252629448684075e+00,1.000000000000000000e+00,0.000000000000000000e+00
1.664999371984060006e-01,-7.955298502312849740e-01,2.558849235587735915e+00,1.241439337474404381e+00,1.852890779584233760e+00,0.000000000000000000e+00,1.000000000000000000e+00
2.983390780992239283e-02,-8.322305763977603243e-01,1.049767858324110348e+00,8.226372042378953253e-01,5.415682303102395956e-01,0.000000000000000000e+00,1.000000000000000000e+00
-3.601467384088919421e-01,-6.094787739992669762e-01,9.452752327427726975e-02,3.622869126461966127e-01,7.445704428139509057e-01,0.000000000000000000e+00,1.000000000000000000e+00
9.357792948482683837e-01,-2.744440672586689334e-01,2.234413469670693875e+00,-1.764128386697252360e-01,4.972316773692841974e-01,0.000000000000000000e+00,1.000000000000000000e+00
-4.296960922949760175e-01,7.942039264848709257e-01,2.632010346521531652e+00,8.972116836362502568e-01,9.710310101746562061e-01,1.000000000000000000e+00,0.000000000000000000e+00
-2.343690217067226078e-01,3.151031091634036163e-01,2.663500713156939259e+00,1.445292604003543646e+00,3.704761587165218417e-01,0.000000000000000000e+00,1.000000000000000000e+00
4.288392676718044139e-01,5.524854195328362527e-01,1.716113236360765626e+00,3.429229281871556401e-01,8.815020092419814102e-01,1.000000000000000000e+00,0.000000000000000000e+00
-3.741268125747797546e-01,-6.445776343548359488e-01,1.406242212842247818e+00,2.077830256382788399e+00,1.418547484985969387e+00,0.000000000000000000e+00,1.000000000000000000e+00
-5.018725614382575362e-01,1.246002239357914404e-01,-4.193766920412600463e-02,1.668839219159747866e+00,1.520817145567217477e+00,0.000000000000000000e+00,1.000000000000000000e+00
3.638624405951312313e-01,-7.693250186221621822e-01,1.730125831899747002e-01,1.030905763171214407e+00,-1.230090616115320223e+00,0.000000000000000000e+00,1.000000000000000000e+00
5.232822198447086848e-01,3.081081498213092407e-01,1.249274049992404212e+00,3.239215412666989202e+00,1.985471279204010342e+00,1.000000000000000000e+00,0.000000000000000000e+00
6.156751488427403274e-01,1.304034411153325579e-01,2.204708201853794236e+00,1.774702292963137307e+00,1.479744712201944257e+00,1.000000000000000000e+00,0.000000000000000000e+00
5.503079475358423345e-01,-7.695828365749829425e-02,2.438997869839176325e+00,5.413585016020872054e-01,3.224315172694390830e-01,1.000000000000000000e+00,0.000000000000000000e+00
-2.151267528121818262e-01,8.043194299300168160e-01,9.526355826179471187e-01,1.210258390333866840e+00,-3.096471771368209946e-01,1.000000000000000000e+00,0.000000000000000000e+00
-1.231545134899265925e-01,-1.247059940361758962e-01,1.893655833143100820e+00,1.573060624531642748e+00,9.016576521237775754e-01,1.000000000000000000e+00,0.000000000000000000e+00
-6.184187199539501467e-01,-1.689047633179453778e-01,1.631610199382256265e+00,2.134111698257865619e+00,8.387962962040229620e-01,0.000000000000000000e+00,1.000000000000000000e+00
-1.410037852866277176e-02,-2.953294034609533769e-01,6.753371480127753346e-01,3.895239931360624519e-01,2.776128864709266786e+00,1.000000000000000000e+00,0.000000000000000000e+00
-6.875453868185499307e-01,5.989228918284891234e-01,1.865403293476994406e+00,-6.088943899249201763e-01,9.758624524468180184e-01,1.000000000000000000e+00,0.000000000000000000e+00
-3.757465408295193043e-01,-5.545752715010801026e-01,-2.969022857709946450e-03,-4.842083979769173929e-01,-1.358198340669900528e-01,0.000000000000000000e+00,1.000000000000000000e+00
8.946315709856163256e-02,2.329748803388460021e-01,3.265802527087975804e+00,-6.286094586953732133e-01,1.649668349372319653e-01,0.000000000000000000e+00,1.000000000000000000e+00
1.083232624171361486e-01,1.088002451770034573e-01,3.566258481298242078e+00,1.580778528907903047e+00,1.942016964446280802e+00,0.000000000000000000e+00,1.000000000000000000e+00
2.041970570612820224e-01,7.203916897085163029e-01,1.176919887271948406e+00,1.593556121830827177e+00,1.667505028472748840e+00,1.000000000000000000e+00,0.000000000000000000e+00
1.572991933867081971e-01,7.553716373595382727e-01,4.236518274559770703e-01,1.200679973635660813e+00,5.561740552408226401e-01,1.000000000000000000e+00,0.000000000000000000e+00
1.086681338816707809e+00,-3.855554852966357887e-02,1.280244772052050228e+00,1.345607125156148109e+00,2.339297367655578164e+00,0.000000000000000000e+00,1.000000000000000000e+00
-1.846497384367451200e-01,7.738588248530861025e-01,2.645055017221401572e-01,-4.509994040106786173e-01,-6.247896671759762821e-01,1.000000000000000000e+00,0.000000000000000000e+00
-1.012255666076444349e+00,-1.117144295146140498e-01,1.297029857873987391e+00,-3.173841433527191391e-02,2.639534514579763957e+00,1.000000000000000000e+00,0.000000000000000000e+00
3.611916492652590960e-01,-2.529262826961701238e-01,1.929749480262273664e+00,2.787000242321933996e+00,-3.224679515434949462e-01,1.000000000000000000e+00,0.000000000000000000e+00
4.353939257100699067e-01,6.074181242329841357e-01,1.389997105806593414e+00,2.107756154735513920e-01,1.943170853233015194e+00,1.000000000000000000e+00,0.000000000000000000e+00
-1.080988657151928489e+00,-2.862876464738725035e-01,4.226289875896408477e-01,8.818742820428779883e-01,6.973122290315934002e-01,1.000000000000000000e+00,0.000000000000000000e+00
-4.255522006969313376e-01,2.047243234186322813e-01,8.148644880351080255e-01,9.122564396735007852e-01,1.940401519545136955e+00,0.000000000000000000e+00,1.000000000000000000e+00
4.428453707911173542e-01,-1.811411797664178591e-01,1.222536714195919805e+00,2.407389876853867960e+00,1.078667515232367036e+00,1.000000000000000000e+00,0.000000000000000000e+00
9.954658832270578406e-02,-8.093593855815111038e-01,2.630239809710852139e+00,-1.130667584340045995e-01,8.237597512503382902e-01,0.000000000000000000e+00,1.000000000000000000e+00
4.067940021981512888e-02,-8.255061500014335696e-01,1.804758122625512939e+00,3.826891972055616042e-01,8.633897931741522092e-01,0.000000000000000000e+00,1.000000000000000000e+00
9.320684397563804013e-02,1.828919988964117227e-01,-3.964732255855629717e-02,3.855225994029476411e-02,-1.590142026448531087e-01,0.000000000000000000e+00,1.000000000000000000e+00
-1.172323698453524854e-01,-8.048074803613760597e-01,1.472685568350582397e-01,1.720626536704956910e+00,2.382583629552181836e+00,0.000000000000000000e+00,1.000000000000000000e+00
3.029377977486853030e-02,2.789123009914849516e-01,-1.235614700134324284e-01,6.488172745529807717e-01,1.540061070700001533e+00,0.000000000000000000e+00,1.000000000000000000e+00
7.752883794008098572e-01,-5.555748350500511190e-01,-3.273644278326557355e-01,2.640425548904064890e+00,1.065169608294320058e+00,0.000000000000000000e+00,1.000000000000000000e+00
-2.454757895207226870e-01,8.543763938176113237e-01,1.834797219546402847e+00,1.307814779766335533e+00,1.311883424841071122e+00,1.000000000000000000e+00,0.000000000000000000e+00
-1.007515418856581857e-01,-1.320242483399649280e-01,-1.463033232465571487e+00,-3.406028883328460211e-02,2.144593851068668400e+00,1.000000000000000000e+00,0.000000000000000000e+00
5.618035898322180088e-01,3.622131945916653994e-01,7.028053011628763169e-01,2.115608707494095464e-01,9.700682359185406334e-01,1.000000000000000000e+00,0.000000000000000000e+00
9.784961606998332506e-02,1.082411169561909164e-01,-3.791591204271484994e-01,1.828186658611694160e+00,-1.898162910947440718e-01,0.000000000000000000e+00,1.000000000000000000e+00
-2.452308679276358760e-01,-7.185116937566111694e-01,3.173299947234310414e-01,1.824935855589024269e+00,6.544445364516247032e-01,0.000000000000000000e+00,1.000000000000000000e+00
-1.076079439850159858e+00,-3.771309857568724277e-01,2.012579641738712954e+00,9.689473454536771113e-01,2.828992545361520783e+00,1.000000000000000000e+00,0.000000000000000000e+00
5.593936031123752928e-01,5.006940809431341399e-02,1.107159922345360759e+00,1.709751004285443798e+00,2.866707461563475778e-01,1.000000000000000000e+00,0.000000000000000000e+00
-3.883704945450351942e-01,2.407922144550703192e-01,-4.632571442186430577e-01,2.530879294168211224e-01,2.187570957654455528e-01,0.000000000000000000e+00,1.000000000000000000e+00
-1.049624420841957839e+00,1.058010507365881175e-01,9.668442579960438987e-01,-1.439958057246759626e-01,4.843475208081924333e-01,1.000000000000000000e+00,0.000000000000000000e+00
5.195156817526650483e-01,7.553553349268443684e-02,7.018599658550382925e-01,2.177643182620539797e+00,1.072940877807185167e+00,1.000000000000000000e+00,0.000000000000000000e+00
2.455960548937339283e-01,-3.550097905421776279e-01,-6.978658013585095077e-01,2.299112902491529553e+00,-6.077279938050876851e-01,1.000000000000000000e+00,0.000000000000000000e+00
5.155222115528325100e-01,-7.514856205474014228e-01,7.197370527597772849e-01,1.193619523741160204e+00,2.634113451030708486e+00,0.000000000000000000e+00,1.000000000000000000e+00
-1.778900845902302297e-01,-7.246346103364091906e-01,2.295678504608902326e+00,2.844556129094767405e-01,3.369665976570896504e+00,0.000000000000000000e+00,1.000000000000000000e+00
-9.395131292313720905e-01,2.828613245853127678e-01,9.421314750125331372e-01,8.781505206760463755e-01,-7.475717513657431645e-02,1.000000000000000000e+00,0.000000000000000000e+00
-2.872010520291299815e-02,8.337929478235517333e-01,2.604908659377407787e+00,3.804314149615607432e-01,3.234399975276561534e+00,1.000000000000000000e+00,0.000000000000000000e+00
1.098074596079247900e-01,1.769773740233646642e-01,2.780072237539689795e+00,6.031835234112530308e-01,6.942366667640096356e-01,0.000000000000000000e+00,1.000000000000000000e+00
5.479695894271878753e-01,2.418470861367143510e-01,2.025783950396687239e+00,-3.943758346243206869e-01,3.295187089607387598e+00,1.000000000000000000e+00,0.000000000000000000e+00
5.765239034152956910e-01,-2.911503873745377446e-02,2.479818662984738076e+00,7.973500102917917554e-01,1.711020994814284046e+00,1.000000000000000000e+00,0.000000000000000000e+00
-1.871718527226455542e-01,8.362179139168557374e-01,1.284124532279038000e+00,1.163949545372612748e+00,1.076058731649632838e+00,1.000000000000000000e+00,0.000000000000000000e+00
8.216265949170757921e-01,-5.167862500085543820e-01,4.726780038779325732e-01,1.991834261410740492e+00,1.709010804697503216e+00,0.000000000000000000e+00,1.000000000000000000e+00
6.560569511600976289e-02,8.010197449163835026e-01,2.247951080646955369e+00,1.226731500266726504e+00,2.655792672000041321e+00,1.000000000000000000e+00,0.000000000000000000e+00
-1.877866511942417882e-01,7.809438636537617828e-01,-7.057273101913248414e-01,1.294664065596100588e+00,3.215886471765327936e-01,1.000000000000000000e+00,0.000000000000000000e+00
-4.490590080357870773e-01,7.977371769045883410e-01,2.401639099664528487e+00,6.549683090697462351e-01,1.382254107150735045e+00,1.000000000000000000e+00,0.000000000000000000e+00
5.951020146889658413e-01,8.502624484778535663e-02,-8.800506161254930682e-01,1.316579327925110121e+00,9.855455809374324971e-01,1.000000000000000000e+00,0.000000000000000000e+00
7.712205069913806721e-01,-5.161884443091272479e-01,2.282413072100978990e+00,4.732514222133699100e-01,1.109786623192233312e+00,0.000000000000000000e+00,1.000000000000000000e+00
-4.343414064317749346e-01,2.242825151445193288e-01,-7.791784220445152620e-02,-6.342642475099391497e-01,1.393251232124003369e+00,0.000000000000000000e+00,1.000000000000000000e+00
-2.755157272831874060e-01,7.985948417505018826e-01,1.342740270111854928e+00,2.665589468783912119e-01,3.435340718830350859e-01,1.000000000000000000e+00,0.000000000000000000e+00
-3.811486064533326640e-02,-3.157240908438378457e-01,3.019886538210992732e+00,3.743837460320100785e-01,-6.874360937592689513e-01,1.000000000000000000e+00,0.000000000000000000e+00
-9.496148344127316454e-01,-6.176932308278842987e-01,2.679030971620965040e+00,-5.510664354131258325e-01,1.476265930895076739e+00,1.000000000000000000e+00,0.000000000000000000e+00
8.269953242086561795e-01,-4.717308182929979554e-01,1.907288765843035971e+00,2.450010637119084400e-01,1.229042452558084753e+00,0.000000000000000000e+00,1.000000000000000000e+00
-9.784952308868639648e-01,-5.582410351406549287e-01,2.968702396444188096e+00,3.212521003595254498e-01,4.022666733993611743e-01,1.000000000000000000e+00,0.000000000000000000e+00
4.785702493662290502e-01,-1.004133453296304906e-01,2.597904421866356728e+00,2.104167553874216168e+00,3.620101219935280668e+00,1.000000000000000000e+00,0.000000000000000000e+00
1.023644713683889096e+00,1.719502704725674735e-01,1.744442361029986621e+00,1.601742267005980214e+00,1.567564364577024527e+00,0.000000000000000000e+00,1.000000000000000000e+00
5.930222145561560021e-01,-1.862322860953916147e-04,1.836223608007900854e+00,1.096718836495571781e+00,2.069798587003701673e+00,1.000000000000000000e+00,0.000000000000000000e+00
-1.082132406674807479e+00,-2.249452423179589267e-01,-3.103696200985057718e-01,-3.591353975500897189e-01,1.326335178204013809e+00,1.000000000000000000e+00,0.000000000000000000e+00
3.984461713007793615e-01,-2.291523613805091508e-01,2.546923102839121489e-01,-8.727174293894570667e-01,-1.079234805256080953e+00,1.000000000000000000e+00,0.000000000000000000e+00
-1.001681113688516422e+00,1.139786301293140430e-01,-3.582414643060927162e-01,8.785064991142101931e-01,9.663029125027098321e-01,1.000000000000000000e+00,0.000000000000000000e+00
-4.857998020309069465e-01,7.759184954919333688e-01,1.913624785639996606e+00,4.533440219248577874e-01,7.279526378019720578e-01,1.000000000000000000e+00,0.000000000000000000e+00
5.830183287346274446e-02,2.859311660420819079e-01,1.689979734592970351e+00,2.217203813198525886e+00,1.746473424514872974e+00,0.000000000000000000e+00,1.000000000000000000e+00
8.861589743392211949e-02,1.657883195678500621e-01,3.431752926683724336e-01,5.065758160853631731e-01,2.522272613113295314e+00,0.000000000000000000e+00,1.000000000000000000e+00
-5.423547886341069102e-01,-3.888993868262836831e-04,9.274815653019469197e-01,5.952136186261114403e-02,1.174354763220303521e+00,0.000000000000000000e+00,1.000000000000000000e+00
9.936356074050599341e-02,1.847011563515972010e-01,-1.165316002390905936e-01,-1.665098226229513312e+00,2.359559925785717382e+00,0.000000000000000000e+00,1.000000000000000000e+00
-5.913228604514740860e-01,-2.907039037675178683e-01,2.160768236527466524e+00,5.839605819688025168e-01,7.042538787956473811e-01,0.000000000000000000e+00,1.000000000000000000e+00
-1.386592212178779093e-01,3.239956064830219473e-01,8.501183919856862836e-01,1.512687472397753030e+00,1.829733333332451473e+00,0.000000000000000000e+00,1.000000000000000000e+00
5.739280480827005926e-01,2.751962381521746992e-01,1.679549616623357444e+00,2.009796668493322613e+00,1.784235606184407796e+00,1.000000000000000000e+00,0.000000000000000000e+00
-4.547834001380777758e-01,1.112254284265547510e-01,1.179467754138240343e+00,6.398701212941394489e-01,-5.359120514054183104e-03,0.000000000000000000e+00,1.000000000000000000e+00
5.407262832903012711e-02,-7.823144047532089029e-01,2.296553426185630187e+00,1.729556918993838011e+00,1.742225044142578394e+00,0.000000000000000000e+00,1.000000000000000000e+00
5.130527869538523689e-01,-1.348828412056940762e-01,2.989216776725635016e-01,2.034823985830556126e+00,2.332906594740286055e-01,1.000000000000000000e+00,0.000000000000000000e+00
6.732560599023355852e-02,-7.966177021744286213e-01,2.596826072258512363e-01,9.160885632662050249e-01,8.061247318714663823e-01,0.000000000000000000e+00,1.000000000000000000e+00
7.952986803214898148e-02,1.864914868952544935e-01,2.298568231597406530e+00,1.682076522785985961e+00,-3.923410602887211773e-01,0.000000000000000000e+00,1.000000000000000000e+00
-3.048624214716547098e-01,7.847741206220284482e-01,-8.807560042954545310e-01,1.401075979337429001e+00,1.893042419119602693e-01,1.000000000000000000e+00,0.000000000000000000e+00
3.572623685211731570e-01,-8.084474159874747157e-01,-2.359365677490288249e-02,1.062596844999570411e+00,2.810528752365583305e+00,0.000000000000000000e+00,1.000000000000000000e+00
-1.162925253394728464e-01,-1.834973517426285450e-01,2.948765038211210054e+00,1.167552998162292743e+00,1.110174533248225792e+00,1.000000000000000000e+00,0.000000000000000000e+00
4.247354664831252125e-01,5.577851259226929148e-01,5.374762940628520225e-01,4.295592902353562170e-02,1.258694945957937295e+00,1.000000000000000000e+00,0.000000000000000000e+00
-5.315079251278076455e-01,-3.086465007212148559e-01,1.895985587919344351e+00,2.994851086544767060e+00,2.024282018059166965e+00,0.000000000000000000e+00,1.000000000000000000e+00
5.805526926250972330e-01,4.713507057099186083e-03,1.224799126860303122e-01,-6.891109593078161843e-01,-3.682815966897996507e-01,1.000000000000000000e+00,0.000000000000000000e+00
-8.722914797330354464e-01,4.751181994713098988e-01,-9.729395343657487594e-02,8.607875359940286852e-01,2.460219840470647235e+00,1.000000000000000000e+00,0.000000000000000000e+00
1.418303055229309072e-02,-2.591111259125060684e-01,4.078208059925481077e-01,1.515458701052493140e+00,9.235005801499148737e-01,1.000000000000000000e+00,0.000000000000000000e+00
7.324148490872478545e-01,-5.881832470190676565e-01,3.059372607173384662e+00,-1.480155406748431268e-01,5.242588895186868214e-01,0.000000000000000000e+00,1.000000000000000000e+00
-3.248573431168740311e-01,2.683413886400187742e-01,2.866516041325877673e+00,1.927109688373822571e+00,9.789318243525219065e-01,0.000000000000000000e+00,1.000000000000000000e+00
1.388871288130694992e-01,1.245655173515207714e-01,1.593884586133179848e+00,1.135999780405736237e+00,-1.034024809559805025e+00,0.000000000000000000e+00,1.000000000000000000e+00
-7.716085682009928837e-01,5.934289048356942153e-01,1.270363606149430336e+00,-8.838816586764772776e-01,3.769711309425490819e-01,1.000000000000000000e+00,0.000000000000000000e+00
9.799603195624750906e-01,5.862344864922940380e-01,1.478622061780887398e+00,1.817920584560059893e+00,1.150966356641607291e+00,0.000000000000000000e+00,1.000000000000000000e+00
-6.094123017818939975e-02,-2.381067553691120220e-01,1.035796306990529825e+00,2.439051954910124165e-01,1.203182056359355823e+00,1.000000000000000000e+00,0.000000000000000000e+00
5.166433638829274200e-01,-2.819079353019342607e-02,5.737324154468668169e-01,4.321304443464434319e-01,8.673715264138740499e-01,1.000000000000000000e+00,0.000000000000000000e+00
4.177205239532325587e-01,-1.957295341054371973e-01,4.663271328914512237e-01,1.743326154606658740e+00,1.077927913312107133e+00,1.000000000000000000e+00,0.000000000000000000e+00
-2.477146918971357969e-01,8.471836155248529954e-01,1.093654971097481221e+00,1.614141100001251772e-01,-5.745053709103498107e-01,1.000000000000000000e+00,0.000000000000000000e+00
2.760082524745850474e-01,-2.943400687898741763e-01,-1.184184122084830371e-02,-1.286396906868366496e+00,8.363471233043743291e-01,1.000000000000000000e+00,0.000000000000000000e+00
2.245688587622668708e-01,-3.420432751731162235e-01,-1.098048099346847994e+00,7.365026606917173257e-01,-1.050470777083100771e+00,1.000000000000000000e+00,0.000000000000000000e+00
3.461032355232700475e-01,-3.057552533995547828e-01,1.206981050656650956e+00,6.751424553063336553e-01,5.961245450191623441e-01,1.000000000000000000e+00,0.000000000000000000e+00
9.215174035514442363e-02,8.229180240666481572e-01,3.658725391903900892e-01,2.039501635454184836e+00,-1.129475020287709963e+00,1.000000000000000000e+00,0.000000000000000000e+00
-5.367417034386103014e-02,2.740276307862742899e-01,2.804150602768428424e+00,3.392864844646037437e-01,3.499354822749290994e-01,0.000000000000000000e+00,1.000000000000000000e+00
5.796166171614874907e-01,2.085858726209339209e-01,2.265370994743697963e+00,1.006954800826966423e+00,2.066329063239855657e+00,1.000000000000000000e+00,0.000000000000000000e+00
-1.264179451794014697e-01,-1.926741973627750515e-01,6.977761819014242084e-01,-3.486700150472588078e-03,1.821675962153203043e+00,1.000000000000000000e+00,0.000000000000000000e+00
1.080901856243436931e+00,-8.926388277213972988e-02,-1.509980350464090737e-01,6.824133757300203662e-01,1.215320915741643804e+00,0.000000000000000000e+00,1.000000000000000000e+00
5.108989940574725219e-01,3.680863135171155709e-01,-2.480274351852991277e-01,5.815241061685466617e-01,4.757608907677858268e-01,1.000000000000000000e+00,0.000000000000000000e+00
-1.195753899803918829e-01,3.418634206986947421e-01,1.043962857321581783e+00,9.216964216849364844e-01,1.894178189284287495e+00,0.000000000000000000e+00,1.000000000000000000e+00
-2.728937478185728960e-01,-6.622697758982284411e-01,2.277911925319603403e-01,2.225049127441623309e+00,2.440649949127822183e+00,0.000000000000000000e+00,1.000000000000000000e+00
-8.539069685469932169e-01,4.651096231665902136e-01,-2.543884858022427142e-01,6.151035040789794017e-01,7.720214687650786001e-01,1.000000000000000000e+00,0.000000000000000000e+00
-5.761683725294245439e-01,-1.942501939650919385e-01,1.459177270927293879e+00,5.496466972576063981e-01,1.552563941369937917e+00,0.000000000000000000e+00,1.000000000000000000e+00
4.056615134697127978e-01,-2.465344935011916372e-01,9.385184474553328604e-01,1.239494841875204312e+00,8.173944212140151766e-01,1.000000000000000000e+00,0.000000000000000000e+00
3.488340493141058873e-01,-2.277297798938689444e-01,1.885254486613209934e+00,6.379125607189100045e-01,5.791004281156172384e-01,1.000000000000000000e+00,0.000000000000000000e+00
1.071626953612556388e-01,1.469680544844306214e-01,1.013701726740565023e+00,5.732915910982649965e-01,2.090059714730697848e+00,0.000000000000000000e+00,1.000000000000000000e+00
-5.288959157467404415e-01,-6.612836861803837729e-02,2.726717406228602592e-01,1.377529231504004859e+00,5.767008863562428367e-02,0.000000000000000000e+00,1.000000000000000000e+00
1.979776897356410603e-01,-3.475188559984943582e-01,9.849692581761428922e-01,1.016487883538788051e+00,-9.716431913078604765e-02,1.000000000000000000e+00,0.000000000000000000e+00
-2.936606822376951476e-01,3.254128279411526159e-01,1.864572322795047032e+00,-9.066630875096113318e-01,1.820125356207041856e-01,0.000000000000000000e+00,1.000000000000000000e+00
-6.327481683863581674e-01,7.005197137633962789e-01,8.970036153380631649e-01,1.098488641146539102e+00,1.009376867382143494e-01,1.000000000000000000e+00,0.000000000000000000e+00
7.386149230143053412e-02,2.388695202903603487e-01,9.590047242429524665e-01,2.685815382085392944e+00,5.910435900446419089e-01,0.000000000000000000e+00,1.000000000000000000e+00
-7.593035808809703857e-01,5.728142429471938524e-01,1.310182405950950590e+00,-1.375647233257611735e+00,2.279519635653617371e+00,1.000000000000000000e+00,0.000000000000000000e+00
-3.388963257386670702e-02,3.241020497597124073e-01,2.668401562541590222e-01,-8.416834946670737061e-02,3.285074004464509034e+00,0.000000000000000000e+00,1.000000000000000000e+00
-9.906908138206931003e-02,-1.549050468926475854e-01,1.089338307823689567e+00,2.284476473941202013e+00,4.138743905246197174e-01,1.000000000000000000e+00,0.000000000000000000e+00
-5.175384572446730669e-01,2.916697964222710049e-02,4.535710251823855677e-01,1.308052021832289968e+00,2.653254251994599855e+00,0.000000000000000000e+00,1.000000000000000000e+00
6.541355332456523508e-02,2.264362969718889951e-01,1.387757564524665144e+00,8.904342235868175637e-01,1.019792682223506830e+00,0.000000000000000000e+00,1.000000000000000000e+00
4.315424809039807297e-01,5.611903791769161653e-01,1.754587037920781079e+00,1.373633386328713790e+00,9.341801727388510113e-02,1.000000000000000000e+00,0.000000000000000000e+00
-6.693912798417039900e-02,-2.226505495921227984e-01,-1.913070765703484000e-01,6.945420451131083528e-01,1.443252809328120279e+00,1.000000000000000000e+00,0.000000000000000000e+00
-2.523838340994719598e-01,3.314701075848703327e-01,-1.761592918904482108e-01,2.757814923054745737e+00,1.475812500153228513e+00,0.000000000000000000e+00,1.000000000000000000e+00
-1.763174203599510714e-01,-7.901570703446249011e-01,1.938227327835700509e+00,2.155279165187943491e+00,7.033829921573403476e-01,0.000000000000000000e+00,1.000000000000000000e+00
5.513513614511306171e-01,7.399484381033175073e-02,-1.422136522722294849e-01,2.040345676315993728e+00,3.300542420855129944e+00,1.000000000000000000e+00,0.000000000000000000e+00
1.998669091835861555e-01,7.047108986456123159e-01,1.344059188371964808e+00,1.254961145646142473e+00,7.646440502022993080e-01,1.000000000000000000e+00,0.000000000000000000e+00
2.052152676003095033e-01,-2.887359276380636608e-01,2.016653400938846818e+00,1.227269276348958327e+00,1.948804889347847347e+00,1.000000000000000000e+00,0.000000000000000000e+00
-1.014020542165843669e-01,-2.046498955415672616e-01,9.850477437034392825e-01,1.604318902789985124e+00,8.881123518995779342e-01,1.000000000000000000e+00,0.000000000000000000e+00
-4.694350782462802102e-02,-2.280342244840153909e-01,9.653428916168721452e-01,2.609439034514367428e+00,9.664585036416140085e-02,1.000000000000000000e+00,0.000000000000000000e+00
9.322467852766583851e-01,-2.687210670830454395e-01,-4.592755163157906662e-01,1.765732786728149151e-01,3.395034814997828221e-01,0.000000000000000000e+00,1.000000000000000000e+00
-4.567257884106322718e-01,-4.628911905203797472e-01,1.865336202119973530e+00,7.178163178105401165e-01,5.664745024854374034e-01,0.000000000000000000e+00,1.000000000000000000e+00
4.349359219796316012e-01,5.367995447384397156e-01,-7.411554857304953892e-01,-1.031859541865371988e+00,9.277807578279988476e-01,1.000000000000000000e+00,0.000000000000000000e+00
2.482220025283516374e-01,-8.037934687576563375e-01,1.936092160817322494e+00,6.848879319579814773e-02,1.240502776716041922e+00,0.000000000000000000e+00,1.000000000000000000e+00
2.941838781029854077e-02,3.177834899179628469e-01,1.494998803200331405e+00,2.418062645655926879e+00,1.826172530604407651e+00,0.000000000000000000e+00,1.000000000000000000e+00
9.444078811687317554e-01,6.488938971005864254e-01,4.672139867211608788e-01,2.993582410287332074e-01,2.489705852894615212e+00,0.000000000000000000e+00,1.000000000000000000e+00
5.445619880090998149e-02,-3.141301764892340254e-01,-1.912564171699491222e-01,6.678923747351730444e-01,1.377118665690889809e+00,1.000000000000000000e+00,0.000000000000000000e+00
-7.360608674460324651e-03,3.519173791869753543e-01,5.817101616839237543e-01,9.694197566612796635e-01,-4.934151611532331394e-01,0.000000000000000000e+00,1.000000000000000000e+00
-3.279017180238120721e-01,3.251475508961789163e-01,3.749657931390495413e-01,8.725259920718226869e-01,-1.373132425202867601e-01,0.000000000000000000e+00,1.000000000000000000e+00
5.612938257117535690e-01,3.937317408510401240e-01,3.511757468895471135e+00,-1.954411675686869909e+00,1.516702460569165023e+00,1.000000000000000000e+00,0.000000000000000000e+00
1.378015553480242128e-01,-3.764358671838865522e-01,2.655611555720653882e+00,1.601239238721039460e+00,1.453184856774629719e-01,1.000000000000000000e+00,0.000000000000000000e+00
-2.731915294734486577e-01,-6.661744335672787898e-01,1.912161002906471952e+00,-2.144983321388569397e-01,7.575854433963695733e-01,0.000000000000000000e+00,1.000000000000000000e+00
-6.840393998974801937e-01,6.431037845103296791e-01,1.775719922756904712e+00,1.185796134345760811e+00,1.828371658681890555e+00,1.000000000000000000e+00,0.000000000000000000e+00
-3.800821740615124567e-01,8.171167388529860798e-01,7.694245820269461911e-01,2.084645044930330648e+00,1.185183935455540905e+00,1.000000000000000000e+00,0.000000000000000000e+00
-5.831486431853099006e-01,6.482007604660738886e-01,3.025373844301434190e+00,-4.282903863625810992e-01,1.255544199197383692e+00,1.000000000000000000e+00,0.000000000000000000e+00
1.287954325958112767e-01,9.376294852247932243e-02,5.430937362395813484e-01,1.381147559247736911e+00,-1.440106861494088175e-01,0.000000000000000000e+00,1.000000000000000000e+00
5.237597946953016503e-01,4.403454335052111590e-01,7.049421331707332872e-01,1.642906713282231923e+00,1.351821324473443608e+00,1.000000000000000000e+00,0.000000000000000000e+00
1.052886958146181717e+00,3.087330615276824286e-01,1.012414869397311401e+00,9.506509056861007778e-01,1.898085178438330800e+00,0.000000000000000000e+00,1.000000000000000000e+00
2.145089845987220301e-01,-8.150011854533213418e-01,-2.405337360045259665e+00,-1.990429756127203298e-01,4.837846461345914895e-01,0.000000000000000000e+00,1.000000000000000000e+00
-3.706331376782394660e-01,2.642090465189905757e-01,-1.463429650924594760e-01,1.356826464781161201e+00,8.221631495479115870e-01,0.000000000000000000e+00,1.000000000000000000e+00
-4.613391165411615535e-01,-4.197177763913002568e-01,1.350916960831976210e+00,-8.108709304169243737e-01,1.364317519376039067e+00,0.000000000000000000e+00,1.000000000000000000e+00
3.571839527958819288e-02,-2.870808535943429329e-01,3.004172459204456302e+00,1.866452655467949917e+00,1.727416082687964760e+00,1.000000000000000000e+00,0.000000000000000000e+00
-5.100792481174692972e-01,7.452386104532405797e-01,4.081736046188109146e-01,8.819343378892888774e-01,-4.076939001345092350e-01,1.000000000000000000e+00,0.000000000000000000e+00
-9.246331090095430416e-02,2.898283285533839737e-01,1.893131249584011799e+00,1.220913250366059133e+00,2.890226520615377659e-01,0.000000000000000000e+00,1.000000000000000000e+00
3.132632348601916972e-01,-2.680941867970337289e-01,1.184881618916149737e+00,3.707156353242564428e+00,1.942967641794325573e+00,1.000000000000000000e+00,0.000000000000000000e+00
-2.539265226666601039e-01,-7.114182140205614902e-01,1.947249106283794884e+00,2.310821785380800186e+00,8.957877370375427750e-01,0.000000000000000000e+00,1.000000000000000000e+00
-1.069553716286174350e+00,-7.264798631865378165e-02,-5.340505894921514507e-01,9.810440584613504544e-01,1.112268299563319518e+00,1.000000000000000000e+00,0.000000000000000000e+00
7.012640019844197659e-02,-2.815956057218261810e-01,1.161691965447916086e+00,1.111964363437580650e+00,-1.777640235158004511e-01,1.000000000000000000e+00,0.000000000000000000e+00
1.168232481953565965e-01,7.338301863208475107e-01,9.250827717487148938e-01,2.638604279436968625e+00,9.975809320034130234e-01,1.000000000000000000e+00,0.000000000000000000e+00
9.355119491763943529e-01,-3.619284853061323637e-01,-2.020554201811928241e-01,2.322862518466280335e+00,5.191169911657799174e-01,0.000000000000000000e+00,1.000000000000000000e+00
-3.457920310123787089e-01,2.696258954864292900e-01,1.931623203518848531e+00,6.222941503176889766e-01,8.090767664558462524e-01,0.000000000000000000e+00,1.000000000000000000e+00
-5.267640663371451204e-01,-1.793070115821614463e-01,1.326577355356868937e+00,-2.729917499177212381e-01,9.444253996172521370e-01,0.000000000000000000e+00,1.000000000000000000e+00
6.307165902664947643e-02,-3.089955083065451524e-01,1.074321186705796238e+00,9.445973803270278912e-01,1.113470340484674415e+00,1.000000000000000000e+00,0.000000000000000000e+00
1.115605536374487811e-01,7.298935815083027467e-01,5.600348285688449002e-01,1.026262180687638415e+00,1.973829558846909249e+00,1.000000000000000000e+00,0.000000000000000000e+00
-1.007209018441894033e+00,2.571272053379008993e-01,1.545929759568687833e+00,1.174874869582288150e+00,7.634272392547689634e-01,1.000000000000000000e+00,0.000000000000000000e+00
-1.068513270517115865e+00,-2.833968713328221534e-01,2.087584515342774338e+00,1.671834001149423266e+00,1.523096437684530624e+00,1.000000000000000000e+00,0.000000000000000000e+00
-5.610962465967800350e-01,2.048845810454578975e-02,1.158091269478301877e-01,-1.483947379477028594e-01,3.805718849216181976e-01,0.000000000000000000e+00,1.000000000000000000e+00
-1.096266310137036903e+00,-2.571545469993018473e-01,1.194646704118053737e+00,2.950863598604223981e+00,1.264834352170456144e+00,1.000000000000000000e+00,0.000000000000000000e+00
-7.839612302937248867e-01,5.151395013269605139e-01,9.395161015195989673e-01,9.907542487357866579e-01,1.225498190159853840e+00,1.000000000000000000e+00,0.000000000000000000e+00
4.937993692995052974e-01,-1.768362298665278609e-01,1.350513773419141250e+00,6.121418784065913998e-01,2.919350237798210124e+00,1.000000000000000000e+00,0.000000000000000000e+00
3.522905663584765534e-01,-2.800081221892135042e-01,5.035289194939432944e-01,1.439395168410323889e+00,1.009606016429885900e+00,1.000000000000000000e+00,0.000000000000000000e+00
1.457983226897328621e-01,-7.979809434155507031e-01,1.208824350542365034e+00,1.246255556849244606e+00,5.275517262647013705e-01,0.000000000000000000e+00,1.000000000000000000e+00
8.526164703688041691e-01,-4.638028761760323859e-01,2.057905408338193798e+00,1.409000438618716267e+00,2.444731841851120357e+00,0.000000000000000000e+00,1.000000000000000000e+00
-1.033797431493477692e+00,-2.639641848573749394e-01,9.630152177830946236e-01,1.090676222833045328e+00,1.111954427499875386e+00,1.000000000000000000e+00,0.000000000000000000e+00
-5.529972145781351101e-01,9.275473442090821641e-03,2.156657824825544800e+00,-1.265601061717555709e+00,8.086532456184775119e-01,0.000000000000000000e+00,1.000000000000000000e+00
5.412105484724633042e-01,2.306311099433001333e-01,2.437224811060653362e+00,7.736626373157875491e-01,-3.302398418976872918e-01,1.000000000000000000e+00,0.000000000000000000e+00
-3.793056634151458217e-01,8.001866573916992520e-01,8.097418331543608794e-01,-1.472398664355614173e-01,-6.233447846122714964e-01,1.000000000000000000e+00,0.000000000000000000e+00
4.186636208786384539e-01,-1.894648644103581192e-01,1.929703847173551257e+00,-7.257973482894524153e-01,9.527560125233078825e-01,1.000000000000000000e+00,0.000000000000000000e+00
-1.086082256542196117e-01,3.435147932822192329e-01,9.679122433998607056e-01,2.351568258113441168e+00,1.276389635455716043e+00,0.000000000000000000e+00,1.000000000000000000e+00
2.068705560564276531e-03,-7.996884176846016379e-01,-7.007968909600541529e-01,1.047010089850806125e-01,7.550546353535347865e-01,0.000000000000000000e+00,1.000000000000000000e+00
-9.796277173630300039e-01,-4.704695577715609089e-01,2.993023882453650142e+00,1.740772656407857388e+00,-2.866544364627978680e-01,1.000000000000000000e+00,0.000000000000000000e+00
-2.922111992576628126e-01,2.846287454564792041e-01,5.011368308850367992e-01,6.735833916458664472e-01,7.353669125908603998e-01,0.000000000000000000e+00,1.000000000000000000e+00
-4.130252240563160315e-01,-5.549501437765128609e-01,2.358636545534354756e+00,1.880665275591439922e+00,8.824201586654416563e-01,0.000000000000000000e+00,1.000000000000000000e+00
1.070611654861460815e+00,4.932336951126257280e-02,-9.646368928967730128e-02,4.942231413415313357e-01,3.042007989901612586e+00,0.000000000000000000e+00,1.000000000000000000e+00
-9.779116946245934860e-01,1.234607084158802492e-01,1.183142204330059011e+00,1.694762884635405920e+00,-5.091526601276423758e-01,1.000000000000000000e+00,0.000000000000000000e+00
-9.169997868774576455e-01,3.825999816827367339e-01,8.330525782744482299e-01,1.544937014258310315e+00,1.175730700983053989e+00,1.000000000000000000e+00,0.000000000000000000e+00
-3.761031049557020389e-01,-6.602776909751929546e-01,1.202825111048666962e+00,1.801529779283693733e+00,8.101278936661044927e-01,0.000000000000000000e+00,1.000000000000000000e+00
2.707014234202442804e-01,-8.036222720357405480e-01,-1.367644927968334478e-01,4.642008387010364556e-01,2.109307896460559384e-01,0.000000000000000000e+00,1.000000000000000000e+00
-4.992781962900478265e-01,1.513300204545658112e-01,1.094501674786478862e+00,7.968659827933363138e-01,1.408358365660623557e+00,0.000000000000000000e+00,1.000000000000000000e+00
-9.229129654824379247e-02,-2.148464646646308651e-01,3.398369083433088189e+00,6.562055349980355778e-01,-2.034068146642794339e+00,1.000000000000000000e+00,0.000000000000000000e+00
